<Modules>
  <Module PersistentId="FA54D365-C3EE-4376-9627-FB8B8764743A" ModuleId="008_Delegates" />
  <Module PersistentId="99B3DE57-7A6A-49E4-9562-A83203F972E8" ModuleId="001_Delegates" />
  <Module PersistentId="6F3E4817-0087-4C2B-8893-F9ADEED587D4" ModuleId="002_Delegates" />
  <Module PersistentId="53BA94C8-08C1-4EF8-935F-3D1037AF92BF" ModuleId="003_Delegates" />
  <Module PersistentId="5E294F13-0EC2-450F-A6D4-B47DB6659BBC" ModuleId="004_Delegates" />
  <Module PersistentId="F3BC96C8-F35D-485A-9E2C-DAB10CE62BB5" ModuleId="005_Delegates" />
  <Module PersistentId="8B1AEF96-148D-4D71-93F8-A0338F67F9E2" ModuleId="006_Delegates" />
  <Module PersistentId="02856938-4B52-49BE-9133-1CF3644648E2" ModuleId="007_Delegates" />
  <Module PersistentId="84BE317E-A723-4AB9-99C3-21FA981720EF" ModuleId="009_Delegates" />
  <Module PersistentId="FE95476D-0BA0-4D0C-AC23-A6EE10504B84" ModuleId="010_Delegates" />
  <Module PersistentId="92060AA5-4CAE-4EF4-A88C-B53C102DDBA3" ModuleId="011_Delegates" />
  <Module PersistentId="CDD892C1-CC34-4E6F-B648-D7411CEB940D" ModuleId="012_Delegates" />
  <Module PersistentId="5934F6D6-7560-4798-8672-E4653796ED7E" ModuleId="013_Delegates" />
  <Module PersistentId="0CD32146-AA74-4D7E-81A7-5626C86979FB" ModuleId="014_Delegates" />
</Modules>